feature1,feature2,label
85.57707193831536,2.22552700591068,1
71.00117273476476,11.937326169292314,1
89.4588485665605,34.158274883722655,1
95.68718270819382,5.260002798841391,1
76.87687278741082,2.4600637524654467,1
68.74551899214413,25.762409117064756,1
61.06143878735455,10.743044883645776,1
85.99537751118092,27.702132549557618,1
68.81762488162786,29.874018509919527,1
92.37721826711307,1.3184392242249898,1
92.23277007331231,35.208830354423114,1
73.61002066071967,8.618495490777295,1
98.28852288827125,17.49313271051871,1
63.70983373520592,5.739102464839736,1
93.89977465389839,30.58257553697766,1
92.28513093097521,36.75685754799708,1
81.44912365818803,48.68267243498916,1
75.14137508833414,28.049990932388123,1
93.1761865701198,31.307467865848057,1
94.46827601243109,29.29025511758134,1
88.18287344859694,3.2453947991274488,1
69.11593102606187,15.180010216503252,1
63.1916790769451,12.406753431690479,1
64.04005717638917,14.620706552394514,1
85.42737777057602,18.87677676953413,1
74.8072386846753,11.265844507802896,1
70.67911288196453,46.896074797912206,1
85.92141540986374,30.84741927768242,1
66.84554592792388,36.72721309956711,1
66.53609975047713,19.59331664612474,1
99.58093402546382,32.359988232850554,1
82.27798975098585,34.54609829850386,1
93.71407680759239,39.023995665765995,1
69.16192287856417,2.57291195129785,1
72.61812192236327,14.119302922809434,1
68.43931374345306,47.202576002417665,1
95.05470505890676,16.41921615912542,1
86.2175466117952,20.38596315197255,1
96.58190358962173,23.48374077678254,1
70.5952066599221,13.084747877005189,1
82.45472536652603,13.874338817623828,1
83.38343960894161,44.99332129652137,1
75.9760202056159,11.746717198706882,1
99.90150425980441,25.96678839014676,1
63.636376486951754,3.308702395811994,1
64.38596521402637,31.744856043451414,1
91.68317457451856,21.685838373184517,1
62.54110824607829,19.6993450388203,1
99.84485520960388,26.926602909857714,1
98.84313510454473,43.1782054094904,1
60.45924087771279,36.31536914864954,1
87.26841476106299,27.311546190030963,1
70.67300759810172,32.4071281304106,1
64.46208694383506,22.303497282786143,1
78.14894825316826,47.736980448532925,1
95.03411761512777,13.906063486803447,1
80.02344452201193,9.753942145976437,1
96.50511357379281,43.65540992200158,1
71.93779165794531,32.30852524843425,1
84.35880845752689,8.489124158932107,1
90.50043200300605,27.42957247586166,1
91.14505914522233,26.987329937563697,1
60.02287584511774,16.883646793228984,1
60.77906969543329,46.525832196966235,1
95.14887511292737,41.751610938697794,1
72.30056501610646,3.83833315821519,1
95.12038396816162,47.40052281960171,1
63.42613808271515,24.813532702514074,1
62.76850073873534,38.26950609760435,1
90.63337717227951,7.291181760488377,1
79.01129512394925,27.94037608125225,1
70.60226515760236,43.749219013177616,1
76.92551760803548,11.378112066662021,1
81.57184355117833,36.76662238540883,1
68.04604253558784,16.274098273743853,1
99.80597426643578,32.84402482433322,1
77.52400335658017,26.36121621074394,1
64.84016783473064,12.01016951454631,1
73.52342248589821,29.827127204404434,1
69.20458930386309,11.790651838126415,1
62.839723440361304,31.924044906234847,1
69.15767135244617,45.36558063730027,1
94.38541601014987,4.472010144544019,1
69.5201853747598,33.77991113651775,1
68.56947229481754,7.483280587526225,1
97.42056962322684,28.98111157293894,1
78.90684105247176,39.446351790246915,1
92.29987991066574,10.330085803732008,1
63.87723256915293,22.121507937912497,1
76.94314492079684,23.884208733797074,1
89.16303397839403,33.994862817371775,1
99.36660845463865,5.822475686445985,1
76.10485128409076,17.625827664353196,1
94.46690145411165,13.184160362093996,1
67.60835633763246,22.982063843823465,1
76.87526559337617,14.648712088680083,1
69.99225791528401,46.240014364524626,1
77.72522980213827,43.2061061333297,1
82.01301249799393,3.478828146719181,1
99.97129873650906,41.96535166891764,1
98.75985029139005,46.391982167398254,1
93.94782937657222,9.149244419591787,1
79.42564501802875,11.473617660759903,1
76.0416117019781,3.873134598636767,1
75.15892475907664,49.28013334520657,1
70.60812232688608,39.4194594954799,1
78.20033469356574,21.727366813517982,1
98.29270563438692,49.77571178514298,1
82.23073293622473,36.202005489519976,1
66.19187301096257,15.538683449233647,1
98.74837459876636,29.379834249996556,1
81.68780805497097,37.65080245857414,1
62.286610916299324,29.624702128489588,1
80.11401531678054,42.78327471036598,1
66.29730911757933,48.07816626044807,1
63.20445860962347,10.105423088055437,1
83.8014042580011,34.08541512660042,1
69.40815580003725,6.874444083409085,1
95.6114925651775,13.064552041642617,1
83.78076614133765,31.34969400627305,1
76.7689966134349,29.599942175270012,1
80.91130862127835,46.80060662908493,1
68.17036797694146,36.093398238681324,1
69.54743810463384,20.393506492771472,1
86.86760891839884,15.69985691013935,1
72.64708785087416,37.8413601283057,1
62.90172457972629,23.45599060831072,1
99.93817763417769,49.80872594489963,1
62.93042884398532,11.44456130108498,1
70.60801659001605,46.729709521691746,1
95.23456694745758,44.0842418817426,1
74.78108354955536,8.729594785504366,1
93.34979818559228,35.47345632928118,1
84.467110629038,49.374420117943714,1
86.1590527084293,1.3833322504557395,1
92.68416540461847,15.669558857798917,1
86.53554859864309,47.00757019242809,1
65.3716445757347,6.656004850536008,1
64.2814391083767,28.10795840335598,1
70.89392849259265,30.63666152448097,1
88.70448748555191,10.976268304045194,1
85.36951835540319,13.93521117989006,1
79.54127408597506,45.36148806288684,1
93.84414853179422,5.522624917923938,1
76.94303090254905,14.557330974640331,1
60.14182756351129,38.78484192796173,1
85.48453509205518,13.835807859283062,1
89.64923633391723,28.032340635193172,1
77.10747675922718,1.4738152808086582,1
63.00975440295068,44.272213271707,1
96.15714286239572,27.733924171070594,1
93.38380079544066,29.54296875799991,1
65.92375142269931,7.2448304448247995,1
72.33033399720534,45.05009294838691,1
91.84489219552167,43.174426518044235,1
95.95698546105899,11.293750378647948,1
69.98118956891697,6.0368874619174955,1
91.2046496748577,44.32260037109944,1
76.25509559328466,31.412413997384927,1
66.18213353328818,46.56416976899005,1
94.58422784879856,48.83409561361718,1
92.43086879761587,44.189394028502896,1
60.99145447592755,37.09165911599902,1
73.28741871785715,46.60997841636795,1
92.08940555748555,43.33913739038869,1
92.42997266297556,14.07347977012913,1
91.49498036541885,6.296685693744898,1
94.88667131624359,43.0710693155513,1
68.89734870182657,41.01274367424952,1
78.41212938715768,15.954352499591428,1
91.81381996611447,12.152178882980747,1
60.94657738805806,10.463359628057724,1
73.13047804790826,43.35329415948403,1
98.67556416193445,14.6771246433717,1
85.6592695443051,20.584240833642983,1
99.2459874879304,27.274570891457373,1
97.56948561298863,6.6517458407199515,1
98.81602444088912,9.749822992450719,1
98.50137263046221,14.007851763625462,1
64.33610188858844,22.293624169667574,1
89.14180242610817,16.37018839555457,1
84.24835413224574,26.059729923804426,1
75.40781733378908,29.252814131333377,1
70.18890024554328,35.73047890787436,1
60.067651128745176,46.35318310945505,1
81.53807988371167,36.25206995809743,1
89.67800311357905,33.86079671721698,1
74.56885887125057,4.428716745189199,1
86.56950739645089,17.179801766087223,1
72.5566258023344,42.552748695810436,1
88.79017052055801,15.715791142351945,1
72.37138648834613,21.011252522341625,1
76.09601548230899,15.487104923771403,1
65.09151196236613,21.601870354872506,1
97.61454682920731,34.188579318363914,1
96.11222182930331,31.160230881617647,1
72.03799498262262,27.848923443649213,1
60.0162375878915,15.058772126577432,1
77.19552599959339,29.41925427858842,1
86.18822494812287,23.784421322103697,1
77.6863919721923,11.471368648465914,1
78.92744743637306,45.157860465584456,1
91.84099040507121,9.314878413704681,1
63.39182146900487,26.257148485845605,1
85.31763423063182,17.424224515080244,1
92.73693858146657,37.80576873949588,1
86.91182682228668,12.007392633867125,1
67.96519730906307,2.196843998614491,1
69.79370176313401,24.28168086672145,1
93.98950778498929,4.5685832300438864,1
76.57764043990878,31.85850365614797,1
67.77740946958838,35.12135827403474,1
79.77508676041748,12.955237539343504,1
86.24232044447136,1.2716960887635562,1
90.03857906473891,38.73226324012723,1
64.26349186254156,21.83216350319397,1
67.03546726826127,47.940336071697445,1
80.71831001774963,3.460700871891405,1
69.96793118639887,42.568481020231324,1
78.25847301880691,40.26941348439096,1
86.70310930345413,49.40673020025595,1
83.81809273877678,47.551940813714644,1
95.65703703241748,31.019963815326378,1
88.77095845103868,25.734130076395697,1
93.2227667888566,27.84572557993059,1
95.88832412933048,37.43911666581966,1
78.98697747292213,13.700385874785947,1
69.88958950038638,32.24541040203166,1
90.63254737188662,26.543690828571123,1
85.06993747927126,14.455274898959376,1
63.099334154589435,15.000679392294472,1
70.86860428328738,16.665768852519353,1
81.60608890073826,7.78032901429163,1
69.25045918912747,35.00354080265356,1
88.25676566778209,4.147213684980025,1
76.30397478666347,27.58794588469185,1
76.63096936412623,11.134885086206102,1
76.80574071093702,45.33708543866867,1
83.36317656816901,35.080626338400435,1
94.26928129215737,38.514134229785405,1
75.21524115710847,1.2889080956156604,1
74.07035210687299,37.92028112790991,1
94.13791802276418,47.71808658503521,1
76.76085130519287,37.628267779924485,1
81.84529238935356,30.559376858120824,1
68.82154777295275,11.751660096450372,1
77.43343904186546,2.4222161773890467,1
73.4451817479353,34.27795236638914,1
76.17266676550548,9.087191828971932,1
78.6956059692924,7.253762066776874,1
84.89027843896258,2.3213561433517467,1
75.76081025358819,28.65520716821393,1
61.084081853612496,32.49473275245745,1
65.42797948922257,23.623223758524073,1
62.0113853395451,19.57608934521884,1
68.46641136845926,17.01544443918412,1
90.44918831576109,19.577184562642678,1
90.0803929421914,41.76428997260836,1
70.09086127129522,5.013405405320485,1
60.775331482000425,27.43153334820415,1
99.99631314036837,18.148056842289012,1
86.005763729995,39.28041943093385,1
86.07018620975558,37.95742699891679,1
97.98446930863955,10.768673435764113,1
60.81520069281329,8.466734943454728,1
65.04883899496825,33.803483386375625,1
82.55878327720076,11.680262504418678,1
87.97859884984604,38.5780068194558,1
66.7115657347121,30.755127200655654,1
89.91702607821144,6.612110697565986,1
92.7720469724434,48.271317878670295,1
64.32394998630426,2.2582428493758346,1
72.4782897757878,34.19001705567003,1
98.32691352823583,20.43606763431474,1
88.60058820197874,4.723827414309938,1
87.62457663731922,31.734877384451178,1
64.07605221783906,38.85156336260998,1
94.01172956355185,30.420169126025364,1
64.84220260269261,49.208373224218896,1
91.30541385444079,18.012984500114,1
77.13512052938978,19.157972934684754,1
80.23843158708311,17.720327568202876,1
93.9830250799831,41.29421498641285,1
64.22155482575994,48.07859079351435,1
85.42340424405783,41.60665823912045,1
88.29234574824308,22.338870105376174,1
89.35181216053567,48.30821283066581,1
70.80329585549603,40.60176172153104,1
81.52691625793022,24.69137769027661,1
77.42297972015578,36.82028450095099,1
70.73582152196902,42.73394484094726,1
93.22924075562413,5.246482004728046,1
95.26524736011088,12.949308520356844,1
78.58833866412927,30.90625350729551,1
75.15957216513056,2.4062998907343895,1
94.03811345249837,9.910153000726899,1
68.48479400718956,40.09378548457673,1
73.61355372657135,44.13567900815305,1
88.04735001328807,14.53716021205306,1
60.406044577547085,47.455066311074525,1
63.42451847832085,36.283658541105524,1
79.5431138739515,38.15006802064085,1
87.62437357786092,32.64924208730666,1
79.63285340314344,39.853710538483554,1
63.722134022186864,11.858223623153977,1
87.67148621180807,16.00409547637433,1
83.26222341329469,24.18976394921671,1
81.23687724583071,21.849686822555523,1
89.83741746854439,17.208773562600577,1
88.11419768743076,14.27490492183362,1
70.05614704803766,6.912138352862986,1
67.7033717380607,6.858182321497589,1
81.43455861535,38.347290864721046,1
67.40599369750647,11.602847354051677,1
79.36794348850835,36.50466505355953,1
99.06428091532227,26.707206586321785,1
71.3199481309982,5.925779296448748,1
67.76470312364293,12.14667501064518,1
67.17766174741614,1.6932699955471278,1
81.36540357070653,14.441255012380099,1
98.97179724410952,28.114589373131807,1
87.89669571640778,7.187695154962036,1
94.73844789051776,25.053056031665164,1
94.90878939994138,29.12914676169028,1
78.7758777972204,22.582971108664502,1
67.37454681560327,3.517459141995314,1
97.64254387072413,24.408730176018697,1
92.88462581197722,20.63466467034505,1
62.96328681022559,31.842839640647917,1
62.14436297170133,8.310681639209104,1
82.51358388338257,15.887940080269157,1
99.75672490840881,6.804126548361618,1
90.57773781304778,30.709564910905176,1
91.62963319373678,12.058669716186696,1
80.90290140520871,23.07520877954896,1
77.70884016077314,43.14816662548282,1
99.60125041867192,15.96363197164866,1
84.84109284288594,30.871914700011388,1
89.6035722193818,47.43191981594352,1
68.31151623294205,11.340234569964256,1
86.41712548768146,8.69579757566298,1
66.95254193305738,4.6781785761572285,1
60.10702890411543,23.07468152626742,1
83.75244780478253,15.271705162520352,1
69.25904938224103,35.64083566407263,1
88.11950232374869,23.24753499394512,1
87.49539680284971,46.27164117964489,1
91.51312106586926,31.627842351046873,1
86.44732171413472,46.74975446383015,1
77.00555864416847,27.683556556818356,1
85.90538893609923,45.5121608154177,1
93.06524638600239,4.499082005934893,1
66.63691156882899,16.072978818097397,1
89.95830888278493,28.891145416635528,1
71.54442353223367,7.0933292505607035,1
87.54711964848374,35.28695056381015,1
97.70704962976163,25.523136678778354,1
79.75180877380338,4.941650743065748,1
61.59443136734452,22.169404543877857,1
72.89286333433199,13.268027218188191,1
63.65307546523941,48.133644007449,1
93.43834455624724,29.184756351776592,1
98.0314511122541,49.979048426995114,1
86.89126337212957,14.206040272385641,1
61.609266925784645,38.057172690215296,1
78.82003293006534,32.92396498225063,1
96.6429115170707,9.89296821393317,1
83.41318501111417,32.10445125325026,1
79.66903208764053,5.470877908397532,1
73.91844225178602,17.33211128958951,1
86.80534038084741,43.02892162561728,1
73.19214654315861,34.99001002518819,1
71.52871181445823,47.31448343859732,1
92.5426413895189,27.95473383961736,1
78.19303634406918,16.41134070133823,1
72.93095145103979,48.53905161362028,1
76.16700228002983,26.21521636412615,1
99.52476859127017,33.22535893767332,1
81.7037437742878,21.249130969166753,1
67.50330165578109,18.727188598432086,1
90.25772616222295,31.64502836510544,1
90.39962144244068,10.97435367916342,1
81.96878556341326,46.455965281377935,1
77.52464380289513,35.21425142698644,1
64.8570433345048,48.68419397526302,1
84.3548666832786,12.725575654054868,1
66.33512655220929,27.99111134313083,1
82.09005636214933,5.567250862794605,1
99.69028557580879,45.73356404572423,1
78.45791576715133,6.75584130538832,1
93.28572695075604,25.42039973065257,1
88.66413303967164,25.934728738406076,1
70.93699586853097,41.901473333258025,1
99.20978530413501,12.94281439768178,1
82.05060307521879,19.795714649110344,1
96.87472599726247,25.903803688051806,1
95.17305020585904,43.337319787000816,1
71.04989611288164,39.71030291815256,1
76.5976969420538,46.77817129044349,1
80.30950703238625,41.20692418609334,1
71.31355933131306,15.629236638816593,1
83.47750889656645,49.9462143282376,1
79.58561386622804,8.281175500756667,1
81.54322310815495,17.91107314295737,1
82.07669668283245,27.62807308497498,1
78.21378467466005,16.767090161222832,1
67.54609494828422,35.177422953408,1
82.87190567939604,12.444559856836763,1
91.02177900397035,3.138717655767794,1
89.78820606260783,35.556166170225126,1
92.45635610259507,19.917858872058133,1
86.5475531793814,41.2166300337682,1
99.2327255463914,25.271103831204755,1
61.48078445382305,25.612266356515327,1
83.60721717238269,43.61531535474855,1
94.96761496217233,22.57500427876318,1
81.03804347230246,23.38947564923787,1
88.8977531028257,21.088952367571856,1
86.19125305710935,8.563699719805893,1
78.77962403938928,48.49097789813664,1
73.54244936205727,34.94252533075722,1
85.9934661031709,42.73649932518388,1
94.09365346263573,43.107767024245064,1
75.20037590090621,16.516396542736583,1
88.74869700891932,38.21068865738382,1
94.89532069594145,2.7590558920466424,1
62.73682988726206,31.926889825877385,1
96.83716395121186,49.87387022485455,1
89.87065466951708,22.264602124233157,1
63.93772505532792,32.053643610258774,1
94.90316930428364,22.740249031423584,1
87.76004651172939,45.26777904047381,1
61.83963874708851,40.01102979294838,1
71.73471103860835,19.367213398990426,1
65.82279182797593,27.02714958928924,1
82.63712247663747,39.83345422016671,1
66.79934596272389,4.8694491823397374,1
94.8335839457942,31.365808058333354,1
69.63319167425252,45.72862178515419,1
65.72470880514038,23.59634575439488,1
70.1590935765417,13.511008699798548,1
60.37589725819484,40.42702077178217,1
96.04837694395532,34.202933399254896,1
66.31902488287147,22.644759396586906,1
73.82262497772327,29.79101355119465,1
85.55754809440049,21.791137984583987,1
70.00392897630805,42.419892331987334,1
67.96867996435569,19.84996919939993,1
79.32832244236864,12.623079394451157,1
82.87690769402955,29.16578457875361,1
99.7076817450759,15.466306940280198,1
99.1177793830745,33.25326098050535,1
70.9792152071291,28.73052183082925,1
87.43197970936049,37.488773217100935,1
61.96177003104,30.71391816074725,1
79.86909146095482,45.303609253792544,1
71.44776605836778,40.14414585587234,1
84.28259992657064,18.26372683593051,1
85.46471512023567,31.423666993384902,1
87.11057834493438,36.32549045686474,1
86.36726161267015,42.078518731163314,1
85.12992414747593,45.26678149957543,1
85.85362435562091,16.13771131367917,1
77.63292760651247,29.399116463051733,1
89.29439071756953,5.416535411564728,1
71.8044180651662,37.62656238198021,1
67.02560281777227,7.475830089592394,1
81.57631035937683,48.60298947935566,1
81.2340949481114,45.76086174960315,1
93.21890478269589,13.591534143599853,1
92.9875925016963,24.610543663813317,1
92.25953975175065,37.58140818513521,1
73.54861015207545,6.643315665038211,1
98.5157317147551,7.897093735288251,1
98.66000837851008,43.14688924804227,1
88.96866848302074,49.01716989631327,1
98.69078989200129,40.42479455700754,1
74.63100197622265,39.74341646085794,1
60.556746204036045,27.292043105183897,1
78.19144110935498,33.968590711813924,1
86.89363189404052,29.643444490956135,1
92.89669204907096,47.074302697198156,1
64.33384408796923,12.457273208367575,1
61.000985985859295,44.327507415527755,1
82.45629528999515,45.84753952841481,1
68.8546880029596,4.097635016849576,1
92.95421405561791,45.55999428296671,1
72.08760698117001,21.006496933975225,1
65.59108050028884,47.36681511121537,1
72.17458337424021,25.138606329932088,1
63.887679944872865,44.475706117896614,1
65.42656194825346,23.228544087555736,1
86.81944875400686,37.413865954635405,1
97.83896343117729,21.537210917321417,1
89.69076059061263,8.571622218081917,1
76.59538109747228,5.852060100815896,1
79.57388151158457,20.997678399187325,1
98.06086101524238,2.6030980558972985,1
74.82119834937741,22.72577121697438,1
98.02220679405707,42.91705947199178,1
3.9741849842452126,-16.401666991417017,0
21.778634459285797,-2.085716056849712,0
14.346953648492718,-30.49115750552572,0
7.592342486443182,-44.01417376472408,0
33.92132753854724,-27.71884894004466,0
26.51074952247912,-18.556481105572338,0
23.885838380781802,-48.95348471791784,0
31.47178361818467,-38.06512403896284,0
5.036955412321715,-22.335679180509796,0
2.744406112974236,-12.507288581459363,0
8.28629481386634,-39.418383755984934,0
34.787817070781784,-33.90058188182071,0
5.902167197657748,-5.873979254043846,0
0.11342205920065407,-7.9380998073713585,0
5.78751921282032,-43.630385559271595,0
10.026167869124954,-41.44964107583172,0
26.44230570389267,-48.736772660476284,0
0.5944130892283539,-11.290751452497062,0
9.517264243618522,-34.1351983638609,0
6.969848056247088,-47.43244812480235,0
29.66872227816598,-24.221809196704513,0
29.82661100135983,-26.663947694260738,0
31.12068157256811,-24.851340077149608,0
4.362160400153821,-25.31190420049475,0
37.816625718804254,-47.875113191940585,0
31.329079839215183,-7.517935519767924,0
20.858048588523364,-27.55591641721358,0
38.561047324881145,-47.01955503276921,0
19.15927643993453,-30.320754528884535,0
27.44389984248931,-25.97682614693296,0
36.38803316460917,-46.398954927443924,0
3.231619096431677,-20.19342624196144,0
2.6272893328045566,-36.524216021660294,0
25.32306897204062,-23.130534731630334,0
13.007417732746717,-1.263239962814744,0
21.22227349725298,-27.767944538801892,0
24.217071661412515,-45.140255377726945,0
28.07117674184265,-8.213155872516822,0
26.036666595252214,-12.320826224867808,0
28.83359666630397,-39.46386974995265,0
18.062196638611262,-38.80381485613536,0
13.557264753407008,-27.778553757535082,0
16.63958601045981,-45.340793875494086,0
17.07056025043832,-17.409714710044867,0
14.972040937421474,-42.52069268633254,0
36.91940142937538,-46.71046790130426,0
33.27087553899418,-45.431725016519806,0
3.8625773026314247,-13.79899607405293,0
32.4707714110957,-22.737833954847844,0
23.45860330957908,-22.48226571438845,0
13.185839256648201,-44.010667017626595,0
14.143923185350706,-17.398314519857145,0
30.01137001005913,-7.463484705415816,0
28.842427149845978,-2.5484673597377494,0
24.01640364898708,-32.7693369010357,0
23.116740735594195,-39.5757985220717,0
26.269452119526086,-39.01200141372929,0
4.328735277090665,-8.576702488534089,0
14.702442024614006,-12.632324035094364,0
22.96400017325851,-10.446152813535129,0
33.80620645313432,-2.2472164958402985,0
32.73707438162678,-19.934909253762225,0
25.707966553193256,-48.71356225877442,0
37.163371639797454,-9.356421291976517,0
10.697909006164426,-41.15961247391813,0
28.107950914624187,-34.859750247334404,0
13.592986271090336,-49.70081631922072,0
34.79450826145752,-22.250266356692563,0
16.031373759980625,-43.04814194658783,0
25.326880506220554,-48.49780217933561,0
29.844470480228267,-39.45848887835796,0
16.793299750580125,-33.29609689330269,0
14.802123699080155,-14.641797580609015,0
31.07342479866964,-22.187915725894534,0
3.3982815990871718,-47.42216750514943,0
6.296395884286126,-19.7259290856245,0
26.958748424524522,-36.66696066623527,0
26.47754771233045,-26.202576460341184,0
17.681767467911165,-36.61482462612629,0
30.197725746734825,-44.42294210260012,0
17.196545335915616,-36.12092296605798,0
27.13945019040532,-26.15499508515171,0
26.685302349453984,-47.77454923238305,0
15.810535843505157,-20.633077109721928,0
0.3074834359953149,-35.2304512610966,0
8.449359168812492,-43.27549454239097,0
10.220780160858371,-33.92200455904579,0
0.3091962627724776,-13.396307951941381,0
7.027792075033692,-31.369835159953425,0
28.146850535306545,-25.487145018745554,0
33.33416809679513,-10.496190858228573,0
2.8830198636863136,-7.773546260893163,0
1.692090462511655,-49.08166470730336,0
36.846497380096494,-7.756609333008747,0
23.030366429473244,-21.903415636593692,0
28.37995846275737,-29.532995967669454,0
4.606934906551929,-48.97802860778731,0
12.990727177820553,-10.735214438787843,0
24.72501053216961,-9.23073025948635,0
36.79079006965539,-45.68163581640365,0
33.779374392587876,-38.07749273368605,0
23.554851532116476,-24.32583539296905,0
15.830667874373319,-34.7965464700428,0
13.580531245938555,-33.67963749783654,0
6.725308321827463,-24.986319057434734,0
4.561065593542102,-25.012348946174374,0
36.236909263202016,-32.880611991853364,0
29.09516422695617,-9.871518525282255,0
32.60148023000057,-38.42282640161051,0
5.857768731107775,-40.33368166162482,0
24.095959410926632,-12.749450518202288,0
26.220360420749564,-41.319839681585776,0
30.91392356990241,-25.788265774147956,0
30.177833009879432,-12.766019669220327,0
17.95621027980252,-4.716441339102694,0
22.57967133611197,-18.870382366030924,0
24.98087117767579,-7.6519031332606104,0
25.08869627599087,-42.60308733173923,0
2.7314503398302437,-28.33180487202204,0
12.112817405560516,-36.5409902931782,0
2.246884808523122,-25.14049262080087,0
12.416314024252436,-27.85622067866657,0
2.275602033358095,-9.246865048507047,0
3.0692400469381997,-7.651748337663285,0
34.21173485824361,-19.864588967636895,0
20.282712693358206,-27.32712871256366,0
22.17265485353216,-11.200927933997434,0
35.835070622272106,-27.963048521105595,0
32.39263670791885,-18.059964722218115,0
12.861070515217135,-26.694177630789596,0
6.034443067825541,-46.96818869504607,0
4.140075090815665,-5.942785136167096,0
13.737511033530705,-14.998538090794327,0
20.181960060038296,-41.54461333961812,0
9.909748943931369,-28.549844558847585,0
17.57687167050497,-24.385346271988265,0
6.349848319261655,-31.730252877034975,0
11.315743144576714,-29.970299534881306,0
13.534685873656782,-20.703592743233518,0
31.56907726254659,-18.28203750850396,0
2.6364741711886985,-45.369208571760375,0
27.13517379360324,-36.07679827997243,0
28.94934620009847,-17.82835976588658,0
36.25370788654709,-7.2092965590335965,0
13.334481442422263,-21.44576378526544,0
5.6571352233727135,-32.85878141074363,0
38.70786030770979,-15.77448182221783,0
15.678319373414414,-20.842979820572836,0
37.52008798263043,-34.830487516617914,0
15.067172242252006,-11.208564064686364,0
32.52739135259204,-17.1642964002586,0
33.15835891577858,-13.800041065655343,0
27.41657761110305,-24.206726353025473,0
25.840992829339516,-29.253088050216917,0
14.473123853871384,-32.232714219879824,0
7.210516915073786,-39.50455960076388,0
37.906730701373874,-26.172724877236362,0
9.06172186135549,-43.259297694323116,0
3.0866033720350528,-8.623008954391715,0
4.045630546715766,-12.227138702208052,0
33.404793065382236,-6.699573890864478,0
1.50989969430245,-33.49854577375021,0
30.65230417788966,-43.578596969954106,0
15.068794832900988,-42.049886607665925,0
33.25380226756502,-12.216207127181569,0
32.36174878557205,-41.88858087854112,0
17.50693620553387,-29.86792803666986,0
27.054516887541315,-38.36102012910067,0
17.767948392211025,-36.03853130439545,0
29.941460723817453,-28.002529811366323,0
21.360445987930447,-34.83607306842331,0
32.344954843631456,-27.018235353419616,0
33.404535709028295,-31.975793046973394,0
37.88520680976492,-1.7624501169527136,0
18.467199137639568,-36.193185097515006,0
15.27489736762842,-24.15447036538735,0
38.65072612823789,-9.972329260519238,0
32.0503689660619,-43.21847180443187,0
10.000128463560284,-18.582227225982088,0
34.96467780208948,-22.82750347420287,0
4.103589269936374,-8.551278440061516,0
34.04664192339115,-36.03191231109291,0
30.524673211667633,-36.633226320023525,0
36.212248359129646,-42.77991585641139,0
17.498902407799232,-3.625750112423731,0
8.881520276279225,-27.89472847918526,0
13.983403125545957,-48.69316065065601,0
2.1302754868429785,-25.401651380031463,0
9.431122954537305,-1.2682577893237266,0
14.996506936710702,-48.618810269120644,0
37.233036189998124,-8.880361907031322,0
25.998427371767264,-11.222348763373375,0
5.5039835090348666,-35.94290953164986,0
33.190463326112905,-15.892472559776806,0
5.551707672727448,-15.428727410835059,0
17.944058959289862,-49.74269128302472,0
3.169030850828851,-37.45972750658481,0
33.39852397129524,-23.108591973252064,0
29.089391412997273,-24.13919621155051,0
4.4474744129695365,-35.8830226760777,0
12.046047783448799,-47.66027711567629,0
16.793021750137722,-11.098943676667531,0
18.284544665457947,-44.567963130789266,0
36.20587542647994,-20.7597869018716,0
0.6574140882357771,-24.746589219739104,0
9.677525376839732,-42.964734827933256,0
17.16955572413335,-19.87433044397842,0
9.62256955226174,-29.58818783478155,0
26.574852069680365,-45.804916205624174,0
38.98617963808887,-46.683713177466544,0
21.04237781288682,-25.140942867590457,0
39.533259423858695,-22.846554331508422,0
15.618149302402564,-26.963381170234186,0
25.4268316587452,-1.929068294973547,0
10.14601044276851,-49.20413067566157,0
31.54080065118061,-33.10467783499382,0
29.317640858025666,-19.215408838692834,0
30.860054964394365,-13.975837744196745,0
13.300744334879395,-47.8275512735348,0
21.84054980830766,-10.138065587751683,0
7.003565082068337,-11.822012919564209,0
18.58491598988151,-15.925926652192864,0
25.26943391033351,-10.23661358946729,0
2.524021481288985,-11.966670414532338,0
18.30718309789413,-35.62131401242347,0
1.7522510263649238,-40.22597814795577,0
1.6762376772152798,-4.264821982430533,0
20.615343570179952,-1.5329875874899557,0
21.721227906167435,-37.58762550507175,0
30.131636752754595,-40.635931894038364,0
14.278967041414536,-11.738763218057173,0
34.6319310831223,-33.73569036731412,0
4.979000329775336,-31.967060458581024,0
35.57946068049126,-13.57792242953856,0
35.78549979820213,-31.054406355226085,0
38.94894337261236,-25.68604189968589,0
19.90093569974509,-4.708787135278783,0
20.771034141397678,-10.743743717313087,0
29.083252973705427,-46.132576703282076,0
24.09813195320909,-9.705277302545554,0
21.818975893785478,-34.26064001748489,0
3.20275644299981,-17.614958148551302,0
12.259834243630099,-20.47154024120061,0
17.044642915321816,-16.201524386171172,0
14.061879350879686,-47.924597020343654,0
34.80148700225568,-32.72459379488437,0
39.92602391092196,-36.546787356331976,0
39.20109116777117,-3.55268544844877,0
3.001646599526371,-18.761885643718383,0
14.532445226039293,-10.746297197453671,0
27.176424312587596,-3.313319582299215,0
5.711178734501989,-20.228927737278088,0
31.25247878973866,-48.294850675871444,0
2.6893345224843523,-11.852746698163592,0
14.653138924285942,-31.240134317249893,0
22.68978566896478,-20.35035338611551,0
27.162482276535798,-3.507647065987733,0
14.880535138827348,-12.608860881869603,0
22.956871133355826,-24.056465804721807,0
15.921361838097997,-18.171523901404456,0
9.984466123735917,-44.44101798333411,0
29.426994379177106,-25.546845947433127,0
15.47949520157054,-22.47803717277729,0
10.471067063499833,-37.245801214144734,0
17.850924496224646,-1.1781095044167245,0
11.42307510792632,-5.092533432447816,0
19.648007810168963,-43.990766326705426,0
34.11305161537291,-27.849908422975528,0
35.947161231449215,-28.189551555619705,0
3.5116296441892425,-16.585466247718777,0
33.82084875898798,-34.34019916710146,0
13.897011789542582,-46.817985162512514,0
21.68685444902249,-6.3247475646594395,0
34.05448203012504,-15.121353903646579,0
37.09297826892711,-18.752698894363203,0
31.74785535380011,-25.07096848645926,0
4.8544982031382755,-40.1519618122934,0
5.55507488153463,-11.27172002042029,0
1.0513610723306277,-22.85294957427984,0
14.756446620048829,-10.620575411859264,0
22.0658773570571,-20.014530231594478,0
3.4486192660773085,-34.844754841105356,0
39.983801757375474,-14.775386665354745,0
21.027826193212004,-12.310937031639796,0
32.933575980335625,-46.38621506734929,0
38.89518926055064,-18.525409120067316,0
17.998979826519843,-16.67465945817053,0
13.780591228107987,-6.979952569129821,0
31.210517153532336,-18.65009746103351,0
7.2785254620854944,-2.6530339172287682,0
17.304731459278994,-5.37509872360252,0
2.216514000711083,-43.916105088688404,0
6.120618672408025,-41.93180308538392,0
12.906430046182225,-15.242725506066954,0
13.840923293674923,-3.895701308354795,0
35.797036672844975,-8.549248398362586,0
10.024212359279963,-18.88220252200045,0
22.033656619325587,-43.86665553878177,0
12.112984244355044,-23.85957654134935,0
20.102925789650506,-41.73684081436237,0
37.66427951474383,-42.444480922901406,0
26.349314935350172,-14.688994346573622,0
24.205556314474215,-8.716029798443941,0
22.544721377251832,-9.563422900995029,0
1.1349395159551046,-47.772371638724245,0
25.658149352974405,-21.738209657608426,0
26.045199099423996,-12.419008955100757,0
16.663471346529846,-18.689431581765348,0
19.92152240544464,-19.26896349539387,0
11.586866272064231,-3.1241416722341526,0
19.31779272701678,-10.570280443429084,0
27.399633647827066,-35.425740299942625,0
2.9189210202138316,-47.06426138620122,0
17.58421999681644,-26.2716946247394,0
8.160920542535948,-20.27364712178882,0
12.503299969877322,-14.800218629490558,0
29.36799019218187,-7.821909078038061,0
39.01496511659521,-43.592458573933065,0
14.821607922011651,-22.47909042832991,0
12.764635456126289,-27.142844215008815,0
10.698866978167295,-37.85197475624827,0
3.872466102422858,-35.77961175647482,0
15.365993340064241,-19.846505235965534,0
9.930811215247463,-7.599932415684833,0
6.387986485206438,-33.95564478074145,0
23.107481515743856,-34.67696887774862,0
30.52485500554514,-25.584988439064468,0
20.58899356925938,-25.560774288514946,0
12.341619282177172,-48.8643613873988,0
37.80931216276949,-25.233221311835194,0
38.66746522209902,-39.45792329621419,0
14.115803554254214,-47.523520173233294,0
19.795768141007052,-6.765365657958149,0
26.170401475584683,-26.94124418495841,0
21.46762997155708,-8.488554095720076,0
17.23711077390162,-6.759669184988951,0
29.100322534375675,-12.571018556062512,0
14.637494100702519,-30.37150057027693,0
22.811265755241173,-40.46189020750177,0
22.128917064846068,-46.39694426260075,0
20.170221164928186,-12.54419837934526,0
11.18882710495928,-1.5345556695845914,0
27.21594560475443,-44.17826003354411,0
39.00331261655136,-30.69871807629825,0
31.795889135237832,-33.3848203023243,0
37.557942678215014,-13.006706557653096,0
7.962315262097999,-25.052996704966077,0
20.003116142825753,-47.78013572911334,0
5.481454942700816,-33.681005437714404,0
18.9497660158076,-27.607560595139176,0
24.250420896152164,-24.74021912478456,0
13.11863390546105,-19.959662067830777,0
6.500081835077576,-1.4598288595041353,0
29.572774422944164,-35.3375172161124,0
13.454938086067134,-9.413820088088585,0
21.293593195035054,-15.271749484663545,0
11.991622589496549,-10.028307171052617,0
14.734312394630784,-16.98348676882219,0
39.195921247166474,-21.39859504940947,0
31.870192557205886,-14.459113584959091,0
27.521746048110867,-48.69428940677217,0
18.98360856340242,-2.6135358875695047,0
31.316159657256858,-11.968060766568463,0
23.105375834567315,-14.651394497480972,0
23.340931081905598,-41.644908974413696,0
25.161009645814545,-19.63294553044662,0
33.64668499833057,-42.758990293283745,0
27.229075802027154,-48.453044846237134,0
37.92820683137205,-44.615119454648855,0
0.7574947002645027,-34.62906831115309,0
6.057250324773817,-16.165487214992254,0
16.415096372908202,-12.026357211452542,0
36.820837995888425,-7.231932263296301,0
29.433490850747255,-46.94821698529283,0
5.523299431408408,-39.84025645640901,0
13.001981377042192,-17.550886813996897,0
21.019086056001413,-34.62612266184696,0
6.9272969542931095,-5.305916114723495,0
13.693080707273847,-32.63993755640418,0
30.87959136594963,-14.67469649496266,0
25.73236399997846,-16.027647808538774,0
24.40306320315006,-40.57905571230104,0
9.860765421094415,-22.653754110437195,0
8.994681519712667,-2.3273792480621154,0
11.904582611076314,-35.83879726722728,0
8.29111179418561,-15.455575272730357,0
12.681629800737921,-32.908644464135975,0
37.34801499083203,-11.025137555885657,0
10.938301470216922,-44.02816881909696,0
27.064889831301826,-31.394984916655257,0
39.20642149285449,-9.899504453602447,0
38.18435453565846,-10.573824136128053,0
11.618106079717423,-35.90611326090715,0
28.565651499935814,-33.02818780931479,0
17.695044474593416,-37.43424520179938,0
19.163170520659328,-40.09866764717077,0
21.54311694834611,-4.281827244617922,0
27.846852025872906,-43.27362521475477,0
24.627081376579692,-21.24530557003006,0
9.698321536411472,-17.178135720237904,0
21.24165958931197,-18.740715902976756,0
2.0996442735785115,-29.74823306363533,0
28.694322250009744,-45.07329966590996,0
30.830642323931166,-49.74610912605063,0
22.014102631184667,-4.474115671671086,0
16.276298061875337,-4.183427168788576,0
35.13598486056913,-26.605022498396075,0
7.978238986704067,-2.7682120943441504,0
12.846708084766668,-18.35100202337678,0
36.317478349424896,-45.6164246949357,0
22.96533412701493,-23.777538432213372,0
28.924707129696934,-4.103200392219321,0
36.5291890267941,-41.421826001432805,0
35.28979892659333,-41.38635333059574,0
36.78539247403736,-1.1385816486630134,0
15.879782971131986,-25.72618903123387,0
37.464349791110514,-2.8555623759162216,0
37.04158791585772,-7.039584772021755,0
0.3706867392039914,-22.169868435439724,0
4.2920276309415195,-1.8332994698206875,0
11.38246609400185,-1.5341259656525565,0
21.732019342278996,-25.79829140325086,0
37.54242006963489,-8.29807280967816,0
18.7208307602516,-40.55224148458332,0
4.505870440806179,-42.037781135552805,0
18.356578841294446,-37.394020868753564,0
7.447962765122709,-13.905723120879408,0
31.63070657701023,-22.178720101373973,0
30.291310010302446,-41.40074922191523,0
34.24586017093831,-6.0449046725852185,0
33.07959301105238,-24.75124771097,0
3.4695107939342362,-17.206463182912245,0
7.391248041893599,-43.11001809391938,0
12.944066803403311,-37.84569290030989,0
10.431411082617753,-38.45945861272484,0
30.15026607125828,-3.252293689909287,0
12.077833587664589,-14.57875610835113,0
0.4574293677667196,-17.96951501356026,0
27.710743616909554,-46.95590774177373,0
4.728993912158903,-34.96648924182263,0
16.21666451873589,-25.37649690931891,0
35.804734792650166,-15.52570527998946,0
12.439117935386413,-44.24662845360596,0
36.64521543402542,-35.5431575923439,0
24.58501792575396,-39.262698554168146,0
5.342751287872165,-42.493907330230215,0
29.90939348603426,-20.3187915436356,0
16.633824617248987,-23.087509067900125,0
18.83312307517246,-23.66163330303316,0
26.563777573586552,-39.297830489791025,0
9.898617172343108,-13.017762063481598,0
34.92540233950933,-45.98835498280953,0
17.86991909985933,-15.515459867362246,0
3.1241088858976074,-22.355732608599734,0
2.4703219022673517,-23.165186813164357,0
20.219482243703833,-21.937617962834633,0
5.994095255296572,-33.922235750631884,0
20.81366164739148,-44.304238912951455,0
8.216059421574462,-21.42576375639014,0
3.6376657780675137,-24.99160765239111,0
32.347683327089484,-27.781817291190684,0
20.52991372806566,-27.616874690118074,0
2.3094712373009907,-27.34346301879274,0
32.2766141021757,-14.55927608857489,0
15.8379483981303,-9.993791929276604,0
29.832179313272626,-21.662748012107265,0
1.8115921091131515,-33.118085538455404,0
2.5503964844833282,-1.287940636630914,0
37.38331195539786,-46.61806183814463,0
37.351022503397225,-48.444991319869125,0
16.354677432769932,-12.320368933409348,0
30.63310731694847,-2.061669038719053,0
25.835232723886538,-29.402264994765936,0
39.71426394323516,-31.25849867628277,0
34.78481141242834,-5.568401735295943,0
15.025821352079504,-16.546212649024476,0
26.471701525018723,-23.57428706797585,0
26.141363936748082,-32.95927553018164,0
7.138945160164467,-23.67433416649794,0
21.153701581760373,-14.33495109559972,0
8.90760863865066,-49.82980854769952,0
0.9094130928786637,-35.38021355355389,0
26.939994311062684,-23.32217838777398,0
21.27734433987035,-9.655338568586565,0
9.900481540151024,-33.03817298560629,0
11.025989111805092,-4.066892304381724,0
29.000957836356736,-44.470612700442615,0
32.37912734156778,-29.457210673904147,0
30.642138700556135,-6.695925529576648,0
0.6258318545419828,-39.9020005293395,0
4.035868523700281,-48.354762488040244,0
23.91139586926211,-15.538972923618495,0
1.947052849749964,-13.713487154486778,0
16.090614032436253,-38.517375354109475,0
8.690768407102137,-7.677218109167235,0
2.2577614009784375,-25.30910340189421,0
11.570538054156753,-10.026473418597476,0
29.260699324640733,-34.37371887790959,0
23.916706971090495,-17.045936829591234,0
12.826604615719326,-35.21354267793404,0
